dotaz,zamer,shluk,objem,zdroj_objemu,pokryti,priorita,cilova_adresa,poznamka
jména která fungují i v cizině,rozhodovaci,vyber-pro-dite,neznamy,zadny-nastroj-hledanosti-k-dispozici,chybi,12,,"data pro to máme (vCizine), stránka ne"
jméno bez háčků a čárek,rozhodovaci,vyber-pro-dite,neznamy,zadny-nastroj-hledanosti-k-dispozici,chybi,12,,"praktický dotaz rodičů, kteří žijí v zahraničí"
jména sourozenců která k sobě ladí,rozhodovaci,sourozenci,neznamy,zadny-nastroj-hledanosti-k-dispozici,chybi,10,,
jméno pro psa na písmeno,rozhodovaci,vyber-pro-zvire,neznamy,zadny-nastroj-hledanosti-k-dispozici,chybi,10,,"vrhové písmeno u chovatelských stanic — filtr to umí, stránka chybí"
jméno k příjmení Novák,rozhodovaci,jmeno-a-prijmeni,neznamy,zadny-nastroj-hledanosti-k-dispozici,slaba,9,/jmeno-k-prijmeni,"nástroj to umí, ale stránka pro konkrétní příjmení není — a plošně je generovat NEBUDEME (doorway)"
jméno k sourozenci,rozhodovaci,sourozenci,neznamy,zadny-nastroj-hledanosti-k-dispozici,slaba,7.5,/rodina,rodinný profil je noindex — potřebuje veřejnou vstupní stránku
jméno pro psa které se dobře volá,rozhodovaci,vyber-pro-zvire,neznamy,zadny-nastroj-hledanosti-k-dispozici,slaba,7.5,/vybrat-jmeno-pro-zvire,"logika volatelnosti v kódu je, na stránce není vidět"
druhé jméno pro dítě,pruzkumny,jmeno-a-prijmeni,neznamy,zadny-nastroj-hledanosti-k-dispozici,chybi,7.2,,"nástroj umí druhé jméno, článek chybí"
kdy se rozhodnout pro jméno dítěte,pruzkumny,rozhodovani,neznamy,zadny-nastroj-hledanosti-k-dispozici,chybi,7.2,,navazuje na matriční lhůty
lituje někdo jména svého dítěte,pruzkumny,rozhodovani,neznamy,zadny-nastroj-hledanosti-k-dispozici,chybi,7.2,,článek o prevenci lítosti — zatím nenapsaný
nejčastější jména v ČR,pruzkumny,vyber-pro-dite,neznamy,zadny-nastroj-hledanosti-k-dispozici,chybi,7.2,,jde jen s daty ČSÚ a s uvedeným rokem — bez zdroje nepsat
iniciály jména kontrola,rozhodovaci,jmeno-a-prijmeni,neznamy,zadny-nastroj-hledanosti-k-dispozici,odpovida,6,/jmeno-k-prijmeni,
jak se rozhodnout mezi dvěma jmény,rozhodovaci,rozhodovani,neznamy,zadny-nastroj-hledanosti-k-dispozici,odpovida,6,/porovnat-jmena,
jak vybrat jméno pro dítě,rozhodovaci,rozhodovani,neznamy,zadny-nastroj-hledanosti-k-dispozici,odpovida,6,/vybrat-jmeno-pro-dite,hlavní vstup pro nerozhodnuté
jak zní jméno s příjmením,rozhodovaci,jmeno-a-prijmeni,neznamy,zadny-nastroj-hledanosti-k-dispozici,odpovida,6,/jmeno-k-prijmeni,
jméno k příjmení,rozhodovaci,jmeno-a-prijmeni,neznamy,zadny-nastroj-hledanosti-k-dispozici,odpovida,6,/jmeno-k-prijmeni,
nemůžeme se shodnout na jménu,rozhodovaci,rozhodovani,neznamy,zadny-nastroj-hledanosti-k-dispozici,odpovida,6,/jak-vybrat-jmeno-kdyz-se-nemuzeme-shodnout,"nejčastější skutečný problém, konkurence ho neřeší"
nevím jaké jméno dát dítěti,rozhodovaci,rozhodovani,neznamy,zadny-nastroj-hledanosti-k-dispozici,odpovida,6,/vybrat-jmeno-pro-dite,
porovnání jmen,rozhodovaci,rozhodovani,neznamy,zadny-nastroj-hledanosti-k-dispozici,odpovida,6,/porovnat-jmena,
krátká jména pro děti,pruzkumny,vyber-pro-dite,neznamy,zadny-nastroj-hledanosti-k-dispozici,slaba,5.4,/deti,
neobvyklá jména pro holčičky,pruzkumny,vyber-pro-dite,neznamy,zadny-nastroj-hledanosti-k-dispozici,slaba,5.4,/jmena/holcicky,"filtr to umí, vstupní stránka chybí"
jak pojmenovat psa,rozhodovaci,vyber-pro-zvire,neznamy,zadny-nastroj-hledanosti-k-dispozici,odpovida,5,/vybrat-jmeno-pro-zvire,
význam jmen,pruzkumny,vyznam-jmena,neznamy,zadny-nastroj-hledanosti-k-dispozici,slaba,4.5,/deti,rozcestník podle významu chybí
jména pro holčičky,pruzkumny,vyber-pro-dite,neznamy,zadny-nastroj-hledanosti-k-dispozici,odpovida,3.6,/jmena/holcicky,"obsazené velkými katalogy, sami sebou nevyhrajeme"
jména pro kluky,pruzkumny,vyber-pro-dite,neznamy,zadny-nastroj-hledanosti-k-dispozici,odpovida,3.6,/jmena/kluky,viz výš
Adam význam jména,pruzkumny,vyznam-jmena,neznamy,zadny-nastroj-hledanosti-k-dispozici,odpovida,3,/jmeno/adam,
Adéla význam jména,pruzkumny,vyznam-jmena,neznamy,zadny-nastroj-hledanosti-k-dispozici,odpovida,3,/jmeno/adela,
Aleksander význam jména,pruzkumny,vyznam-jmena,neznamy,zadny-nastroj-hledanosti-k-dispozici,odpovida,3,/jmeno/aleksander,
Alessandro význam jména,pruzkumny,vyznam-jmena,neznamy,zadny-nastroj-hledanosti-k-dispozici,odpovida,3,/jmeno/alessandro,
Alexandros význam jména,pruzkumny,vyznam-jmena,neznamy,zadny-nastroj-hledanosti-k-dispozici,odpovida,3,/jmeno/alexandros,
Alfie význam jména,pruzkumny,vyznam-jmena,neznamy,zadny-nastroj-hledanosti-k-dispozici,odpovida,3,/jmeno/alfie,
Alice význam jména,pruzkumny,vyznam-jmena,neznamy,zadny-nastroj-hledanosti-k-dispozici,odpovida,3,/jmeno/alice,
Amálie význam jména,pruzkumny,vyznam-jmena,neznamy,zadny-nastroj-hledanosti-k-dispozici,odpovida,3,/jmeno/amalie,
Amelia význam jména,pruzkumny,vyznam-jmena,neznamy,zadny-nastroj-hledanosti-k-dispozici,odpovida,3,/jmeno/amelia,
Anna význam jména,pruzkumny,vyznam-jmena,neznamy,zadny-nastroj-hledanosti-k-dispozici,odpovida,3,/jmeno/anna,
Anton význam jména,pruzkumny,vyznam-jmena,neznamy,zadny-nastroj-hledanosti-k-dispozici,odpovida,3,/jmeno/anton,
Antoni význam jména,pruzkumny,vyznam-jmena,neznamy,zadny-nastroj-hledanosti-k-dispozici,odpovida,3,/jmeno/antoni,
Arthur význam jména,pruzkumny,vyznam-jmena,neznamy,zadny-nastroj-hledanosti-k-dispozici,odpovida,3,/jmeno/arthur,
Athina význam jména,pruzkumny,vyznam-jmena,neznamy,zadny-nastroj-hledanosti-k-dispozici,odpovida,3,/jmeno/athina,
Aurora význam jména,pruzkumny,vyznam-jmena,neznamy,zadny-nastroj-hledanosti-k-dispozici,odpovida,3,/jmeno/aurora,
Beau význam jména,pruzkumny,vyznam-jmena,neznamy,zadny-nastroj-hledanosti-k-dispozici,odpovida,3,/jmeno/beau,
Bela význam jména,pruzkumny,vyznam-jmena,neznamy,zadny-nastroj-hledanosti-k-dispozici,odpovida,3,/jmeno/bela,
Bella význam jména,pruzkumny,vyznam-jmena,neznamy,zadny-nastroj-hledanosti-k-dispozici,odpovida,3,/jmeno/bella,
Benjamín význam jména,pruzkumny,vyznam-jmena,neznamy,zadny-nastroj-hledanosti-k-dispozici,odpovida,3,/jmeno/benjamin,
Bianca význam jména,pruzkumny,vyznam-jmena,neznamy,zadny-nastroj-hledanosti-k-dispozici,odpovida,3,/jmeno/bianca,
Bijou význam jména,pruzkumny,vyznam-jmena,neznamy,zadny-nastroj-hledanosti-k-dispozici,odpovida,3,/jmeno/bijou,
Bindi význam jména,pruzkumny,vyznam-jmena,neznamy,zadny-nastroj-hledanosti-k-dispozici,odpovida,3,/jmeno/bindi,
Biscuit význam jména,pruzkumny,vyznam-jmena,neznamy,zadny-nastroj-hledanosti-k-dispozici,odpovida,3,/jmeno/biscuit,
Bjørn význam jména,pruzkumny,vyznam-jmena,neznamy,zadny-nastroj-hledanosti-k-dispozici,odpovida,3,/jmeno/bj-rn,
Blizzard význam jména,pruzkumny,vyznam-jmena,neznamy,zadny-nastroj-hledanosti-k-dispozici,odpovida,3,/jmeno/blizzard,
Bonifác význam jména,pruzkumny,vyznam-jmena,neznamy,zadny-nastroj-hledanosti-k-dispozici,odpovida,3,/jmeno/bonifac,
Bruno význam jména,pruzkumny,vyznam-jmena,neznamy,zadny-nastroj-hledanosti-k-dispozici,odpovida,3,/jmeno/bruno,
Bystrík význam jména,pruzkumny,vyznam-jmena,neznamy,zadny-nastroj-hledanosti-k-dispozici,odpovida,3,/jmeno/bystrik,
Canela význam jména,pruzkumny,vyznam-jmena,neznamy,zadny-nastroj-hledanosti-k-dispozici,odpovida,3,/jmeno/canela,
Catalina význam jména,pruzkumny,vyznam-jmena,neznamy,zadny-nastroj-hledanosti-k-dispozici,odpovida,3,/jmeno/catalina,
Cilka význam jména,pruzkumny,vyznam-jmena,neznamy,zadny-nastroj-hledanosti-k-dispozici,odpovida,3,/jmeno/cilka,
Cleo význam jména,pruzkumny,vyznam-jmena,neznamy,zadny-nastroj-hledanosti-k-dispozici,odpovida,3,/jmeno/cleo,
Clover význam jména,pruzkumny,vyznam-jmena,neznamy,zadny-nastroj-hledanosti-k-dispozici,odpovida,3,/jmeno/clover,
Coco význam jména,pruzkumny,vyznam-jmena,neznamy,zadny-nastroj-hledanosti-k-dispozici,odpovida,3,/jmeno/coco,
Damián význam jména,pruzkumny,vyznam-jmena,neznamy,zadny-nastroj-hledanosti-k-dispozici,odpovida,3,/jmeno/damian,
Dimitris význam jména,pruzkumny,vyznam-jmena,neznamy,zadny-nastroj-hledanosti-k-dispozici,odpovida,3,/jmeno/dimitris,
Dominika význam jména,pruzkumny,vyznam-jmena,neznamy,zadny-nastroj-hledanosti-k-dispozici,odpovida,3,/jmeno/dominika,
Donner význam jména,pruzkumny,vyznam-jmena,neznamy,zadny-nastroj-hledanosti-k-dispozici,odpovida,3,/jmeno/donner,
Eleni význam jména,pruzkumny,vyznam-jmena,neznamy,zadny-nastroj-hledanosti-k-dispozici,odpovida,3,/jmeno/eleni,
Elias význam jména,pruzkumny,vyznam-jmena,neznamy,zadny-nastroj-hledanosti-k-dispozici,odpovida,3,/jmeno/elias,
Eliška význam jména,pruzkumny,vyznam-jmena,neznamy,zadny-nastroj-hledanosti-k-dispozici,odpovida,3,/jmeno/eliska,
Ema význam jména,pruzkumny,vyznam-jmena,neznamy,zadny-nastroj-hledanosti-k-dispozici,odpovida,3,/jmeno/ema,
Emil význam jména,pruzkumny,vyznam-jmena,neznamy,zadny-nastroj-hledanosti-k-dispozici,odpovida,3,/jmeno/emil,
Emilia význam jména,pruzkumny,vyznam-jmena,neznamy,zadny-nastroj-hledanosti-k-dispozici,odpovida,3,/jmeno/emilia,
Emma význam jména,pruzkumny,vyznam-jmena,neznamy,zadny-nastroj-hledanosti-k-dispozici,odpovida,3,/jmeno/emma,
Estrela význam jména,pruzkumny,vyznam-jmena,neznamy,zadny-nastroj-hledanosti-k-dispozici,odpovida,3,/jmeno/estrela,
Felix význam jména,pruzkumny,vyznam-jmena,neznamy,zadny-nastroj-hledanosti-k-dispozici,odpovida,3,/jmeno/felix,
Filip význam jména,pruzkumny,vyznam-jmena,neznamy,zadny-nastroj-hledanosti-k-dispozici,odpovida,3,/jmeno/filip,
Findus význam jména,pruzkumny,vyznam-jmena,neznamy,zadny-nastroj-hledanosti-k-dispozici,odpovida,3,/jmeno/findus,
Finn význam jména,pruzkumny,vyznam-jmena,neznamy,zadny-nastroj-hledanosti-k-dispozici,odpovida,3,/jmeno/finn,
Fjord význam jména,pruzkumny,vyznam-jmena,neznamy,zadny-nastroj-hledanosti-k-dispozici,odpovida,3,/jmeno/fjord,
Francesco význam jména,pruzkumny,vyznam-jmena,neznamy,zadny-nastroj-hledanosti-k-dispozici,odpovida,3,/jmeno/francesco,
Franciszek význam jména,pruzkumny,vyznam-jmena,neznamy,zadny-nastroj-hledanosti-k-dispozici,odpovida,3,/jmeno/franciszek,
Freya význam jména,pruzkumny,vyznam-jmena,neznamy,zadny-nastroj-hledanosti-k-dispozici,odpovida,3,/jmeno/freya,
Frieda význam jména,pruzkumny,vyznam-jmena,neznamy,zadny-nastroj-hledanosti-k-dispozici,odpovida,3,/jmeno/frieda,
Frost význam jména,pruzkumny,vyznam-jmena,neznamy,zadny-nastroj-hledanosti-k-dispozici,odpovida,3,/jmeno/frost,
Fúzik význam jména,pruzkumny,vyznam-jmena,neznamy,zadny-nastroj-hledanosti-k-dispozici,odpovida,3,/jmeno/fuzik,
Gabriel význam jména,pruzkumny,vyznam-jmena,neznamy,zadny-nastroj-hledanosti-k-dispozici,odpovida,3,/jmeno/gabriel,
George význam jména,pruzkumny,vyznam-jmena,neznamy,zadny-nastroj-hledanosti-k-dispozici,odpovida,3,/jmeno/george,
Georgios význam jména,pruzkumny,vyznam-jmena,neznamy,zadny-nastroj-hledanosti-k-dispozici,odpovida,3,/jmeno/georgios,
Greta význam jména,pruzkumny,vyznam-jmena,neznamy,zadny-nastroj-hledanosti-k-dispozici,odpovida,3,/jmeno/greta,
Hana význam jména,pruzkumny,vyznam-jmena,neznamy,zadny-nastroj-hledanosti-k-dispozici,odpovida,3,/jmeno/hana,
Hanna význam jména,pruzkumny,vyznam-jmena,neznamy,zadny-nastroj-hledanosti-k-dispozici,odpovida,3,/jmeno/hanna,
Hazel význam jména,pruzkumny,vyznam-jmena,neznamy,zadny-nastroj-hledanosti-k-dispozici,odpovida,3,/jmeno/hazel,
Henry význam jména,pruzkumny,vyznam-jmena,neznamy,zadny-nastroj-hledanosti-k-dispozici,odpovida,3,/jmeno/henry,
Hugo význam jména,pruzkumny,vyznam-jmena,neznamy,zadny-nastroj-hledanosti-k-dispozici,odpovida,3,/jmeno/hugo,
Charlotte význam jména,pruzkumny,vyznam-jmena,neznamy,zadny-nastroj-hledanosti-k-dispozici,odpovida,3,/jmeno/charlotte,
Chico význam jména,pruzkumny,vyznam-jmena,neznamy,zadny-nastroj-hledanosti-k-dispozici,odpovida,3,/jmeno/chico,
Chouchou význam jména,pruzkumny,vyznam-jmena,neznamy,zadny-nastroj-hledanosti-k-dispozici,odpovida,3,/jmeno/chouchou,
Isabella význam jména,pruzkumny,vyznam-jmena,neznamy,zadny-nastroj-hledanosti-k-dispozici,odpovida,3,/jmeno/isabella,
Isla význam jména,pruzkumny,vyznam-jmena,neznamy,zadny-nastroj-hledanosti-k-dispozici,odpovida,3,/jmeno/isla,
Jack význam jména,pruzkumny,vyznam-jmena,neznamy,zadny-nastroj-hledanosti-k-dispozici,odpovida,3,/jmeno/jack,
Jakub význam jména,pruzkumny,vyznam-jmena,neznamy,zadny-nastroj-hledanosti-k-dispozici,odpovida,3,/jmeno/jakub,
Jan význam jména,pruzkumny,vyznam-jmena,neznamy,zadny-nastroj-hledanosti-k-dispozici,odpovida,3,/jmeno/jan,
Jasper význam jména,pruzkumny,vyznam-jmena,neznamy,zadny-nastroj-hledanosti-k-dispozici,odpovida,3,/jmeno/jasper,
jména pro fenky,pruzkumny,katalog,neznamy,zadny-nastroj-hledanosti-k-dispozici,odpovida,3,/jmena/fenky,
jména pro holčičky,pruzkumny,katalog,neznamy,zadny-nastroj-hledanosti-k-dispozici,odpovida,3,/jmena/holcicky,
jména pro kluky,pruzkumny,katalog,neznamy,zadny-nastroj-hledanosti-k-dispozici,odpovida,3,/jmena/kluky,
jména pro kocoury,pruzkumny,katalog,neznamy,zadny-nastroj-hledanosti-k-dispozici,odpovida,3,/jmena/kocoury,
jména pro kočky,pruzkumny,vyber-pro-zvire,neznamy,zadny-nastroj-hledanosti-k-dispozici,odpovida,3,/jmena/kocky,
jména pro kočky,pruzkumny,katalog,neznamy,zadny-nastroj-hledanosti-k-dispozici,odpovida,3,/jmena/kocky,
jména pro koně,pruzkumny,katalog,neznamy,zadny-nastroj-hledanosti-k-dispozici,odpovida,3,/jmena/kone,
jména pro králíky,pruzkumny,katalog,neznamy,zadny-nastroj-hledanosti-k-dispozici,odpovida,3,/jmena/kraliky,
jména pro křečky,pruzkumny,katalog,neznamy,zadny-nastroj-hledanosti-k-dispozici,odpovida,3,/jmena/krecky,
jména pro papoušky,pruzkumny,katalog,neznamy,zadny-nastroj-hledanosti-k-dispozici,odpovida,3,/jmena/papousky,
jména pro psy,pruzkumny,vyber-pro-zvire,neznamy,zadny-nastroj-hledanosti-k-dispozici,odpovida,3,/jmena/psy,
jména pro psy,pruzkumny,katalog,neznamy,zadny-nastroj-hledanosti-k-dispozici,odpovida,3,/jmena/psy,
Josefina význam jména,pruzkumny,vyznam-jmena,neznamy,zadny-nastroj-hledanosti-k-dispozici,odpovida,3,/jmeno/josefina,
Julia význam jména,pruzkumny,vyznam-jmena,neznamy,zadny-nastroj-hledanosti-k-dispozici,odpovida,3,/jmeno/julia,
Kiki význam jména,pruzkumny,vyznam-jmena,neznamy,zadny-nastroj-hledanosti-k-dispozici,odpovida,3,/jmeno/kiki,
Kiwi význam jména,pruzkumny,vyznam-jmena,neznamy,zadny-nastroj-hledanosti-k-dispozici,odpovida,3,/jmeno/kiwi,
Lena význam jména,pruzkumny,vyznam-jmena,neznamy,zadny-nastroj-hledanosti-k-dispozici,odpovida,3,/jmeno/lena,
Léo význam jména,pruzkumny,vyznam-jmena,neznamy,zadny-nastroj-hledanosti-k-dispozici,odpovida,3,/jmeno/leo,
Leonardo význam jména,pruzkumny,vyznam-jmena,neznamy,zadny-nastroj-hledanosti-k-dispozici,odpovida,3,/jmeno/leonardo,
Liam význam jména,pruzkumny,vyznam-jmena,neznamy,zadny-nastroj-hledanosti-k-dispozici,odpovida,3,/jmeno/liam,
Lívia význam jména,pruzkumny,vyznam-jmena,neznamy,zadny-nastroj-hledanosti-k-dispozici,odpovida,3,/jmeno/livia,
Logan význam jména,pruzkumny,vyznam-jmena,neznamy,zadny-nastroj-hledanosti-k-dispozici,odpovida,3,/jmeno/logan,
Lola význam jména,pruzkumny,vyznam-jmena,neznamy,zadny-nastroj-hledanosti-k-dispozici,odpovida,3,/jmeno/lola,
Lorito význam jména,pruzkumny,vyznam-jmena,neznamy,zadny-nastroj-hledanosti-k-dispozici,odpovida,3,/jmeno/lorito,
Louis význam jména,pruzkumny,vyznam-jmena,neznamy,zadny-nastroj-hledanosti-k-dispozici,odpovida,3,/jmeno/louis,
Louise význam jména,pruzkumny,vyznam-jmena,neznamy,zadny-nastroj-hledanosti-k-dispozici,odpovida,3,/jmeno/louise,
Lua význam jména,pruzkumny,vyznam-jmena,neznamy,zadny-nastroj-hledanosti-k-dispozici,odpovida,3,/jmeno/lua,
Luna význam jména,pruzkumny,vyznam-jmena,neznamy,zadny-nastroj-hledanosti-k-dispozici,odpovida,3,/jmeno/luna,
Maeve význam jména,pruzkumny,vyznam-jmena,neznamy,zadny-nastroj-hledanosti-k-dispozici,odpovida,3,/jmeno/maeve,
Maja význam jména,pruzkumny,vyznam-jmena,neznamy,zadny-nastroj-hledanosti-k-dispozici,odpovida,3,/jmeno/maja,
Maple význam jména,pruzkumny,vyznam-jmena,neznamy,zadny-nastroj-hledanosti-k-dispozici,odpovida,3,/jmeno/maple,
Marcel význam jména,pruzkumny,vyznam-jmena,neznamy,zadny-nastroj-hledanosti-k-dispozici,odpovida,3,/jmeno/marcel,
Martin význam jména,pruzkumny,vyznam-jmena,neznamy,zadny-nastroj-hledanosti-k-dispozici,odpovida,3,/jmeno/martin,
Matej význam jména,pruzkumny,vyznam-jmena,neznamy,zadny-nastroj-hledanosti-k-dispozici,odpovida,3,/jmeno/matej,
Mateo význam jména,pruzkumny,vyznam-jmena,neznamy,zadny-nastroj-hledanosti-k-dispozici,odpovida,3,/jmeno/mateo,
Matilda význam jména,pruzkumny,vyznam-jmena,neznamy,zadny-nastroj-hledanosti-k-dispozici,odpovida,3,/jmeno/matilda,
Matyáš význam jména,pruzkumny,vyznam-jmena,neznamy,zadny-nastroj-hledanosti-k-dispozici,odpovida,3,/jmeno/matyas,
Mel význam jména,pruzkumny,vyznam-jmena,neznamy,zadny-nastroj-hledanosti-k-dispozici,odpovida,3,/jmeno/mel,
Melina význam jména,pruzkumny,vyznam-jmena,neznamy,zadny-nastroj-hledanosti-k-dispozici,odpovida,3,/jmeno/melina,
Mia význam jména,pruzkumny,vyznam-jmena,neznamy,zadny-nastroj-hledanosti-k-dispozici,odpovida,3,/jmeno/mia,
Micka význam jména,pruzkumny,vyznam-jmena,neznamy,zadny-nastroj-hledanosti-k-dispozici,odpovida,3,/jmeno/micka,
Michal význam jména,pruzkumny,vyznam-jmena,neznamy,zadny-nastroj-hledanosti-k-dispozici,odpovida,3,/jmeno/michal,
Mikuláš význam jména,pruzkumny,vyznam-jmena,neznamy,zadny-nastroj-hledanosti-k-dispozici,odpovida,3,/jmeno/mikulas,
Milagros význam jména,pruzkumny,vyznam-jmena,neznamy,zadny-nastroj-hledanosti-k-dispozici,odpovida,3,/jmeno/milagros,
Misty význam jména,pruzkumny,vyznam-jmena,neznamy,zadny-nastroj-hledanosti-k-dispozici,odpovida,3,/jmeno/misty,
Molly význam jména,pruzkumny,vyznam-jmena,neznamy,zadny-nastroj-hledanosti-k-dispozici,odpovida,3,/jmeno/molly,
Momo význam jména,pruzkumny,vyznam-jmena,neznamy,zadny-nastroj-hledanosti-k-dispozici,odpovida,3,/jmeno/momo,
Monty význam jména,pruzkumny,vyznam-jmena,neznamy,zadny-nastroj-hledanosti-k-dispozici,odpovida,3,/jmeno/monty,
Moose význam jména,pruzkumny,vyznam-jmena,neznamy,zadny-nastroj-hledanosti-k-dispozici,odpovida,3,/jmeno/moose,
Nabi význam jména,pruzkumny,vyznam-jmena,neznamy,zadny-nastroj-hledanosti-k-dispozici,odpovida,3,/jmeno/nabi,
Nala význam jména,pruzkumny,vyznam-jmena,neznamy,zadny-nastroj-hledanosti-k-dispozici,odpovida,3,/jmeno/nala,
Natália význam jména,pruzkumny,vyznam-jmena,neznamy,zadny-nastroj-hledanosti-k-dispozici,odpovida,3,/jmeno/natalia,
Nela význam jména,pruzkumny,vyznam-jmena,neznamy,zadny-nastroj-hledanosti-k-dispozici,odpovida,3,/jmeno/nela,
Nerone význam jména,pruzkumny,vyznam-jmena,neznamy,zadny-nastroj-hledanosti-k-dispozici,odpovida,3,/jmeno/nerone,
Nina význam jména,pruzkumny,vyznam-jmena,neznamy,zadny-nastroj-hledanosti-k-dispozici,odpovida,3,/jmeno/nina,
Nisse význam jména,pruzkumny,vyznam-jmena,neznamy,zadny-nastroj-hledanosti-k-dispozici,odpovida,3,/jmeno/nisse,
Noah význam jména,pruzkumny,vyznam-jmena,neznamy,zadny-nastroj-hledanosti-k-dispozici,odpovida,3,/jmeno/noah,
Nugget význam jména,pruzkumny,vyznam-jmena,neznamy,zadny-nastroj-hledanosti-k-dispozici,odpovida,3,/jmeno/nugget,
odkud jsou data o jménech,pruzkumny,katalog,neznamy,zadny-nastroj-hledanosti-k-dispozici,odpovida,3,/metodika,důležité pro citovatelnost v AI odpovědích
Oliver význam jména,pruzkumny,vyznam-jmena,neznamy,zadny-nastroj-hledanosti-k-dispozici,odpovida,3,/jmeno/oliver,
Olivia význam jména,pruzkumny,vyznam-jmena,neznamy,zadny-nastroj-hledanosti-k-dispozici,odpovida,3,/jmeno/olivia,
Oscar význam jména,pruzkumny,vyznam-jmena,neznamy,zadny-nastroj-hledanosti-k-dispozici,odpovida,3,/jmeno/oscar,
Paloma význam jména,pruzkumny,vyznam-jmena,neznamy,zadny-nastroj-hledanosti-k-dispozici,odpovida,3,/jmeno/paloma,
Perla význam jména,pruzkumny,vyznam-jmena,neznamy,zadny-nastroj-hledanosti-k-dispozici,odpovida,3,/jmeno/perla,
Perle význam jména,pruzkumny,vyznam-jmena,neznamy,zadny-nastroj-hledanosti-k-dispozici,odpovida,3,/jmeno/perle,
Piper význam jména,pruzkumny,vyznam-jmena,neznamy,zadny-nastroj-hledanosti-k-dispozici,odpovida,3,/jmeno/piper,
Pipoca význam jména,pruzkumny,vyznam-jmena,neznamy,zadny-nastroj-hledanosti-k-dispozici,odpovida,3,/jmeno/pipoca,
Poppy význam jména,pruzkumny,vyznam-jmena,neznamy,zadny-nastroj-hledanosti-k-dispozici,odpovida,3,/jmeno/poppy,
Rangi význam jména,pruzkumny,vyznam-jmena,neznamy,zadny-nastroj-hledanosti-k-dispozici,odpovida,3,/jmeno/rangi,
Raphaël význam jména,pruzkumny,vyznam-jmena,neznamy,zadny-nastroj-hledanosti-k-dispozici,odpovida,3,/jmeno/raphael,
Rio význam jména,pruzkumny,vyznam-jmena,neznamy,zadny-nastroj-hledanosti-k-dispozici,odpovida,3,/jmeno/rio,
Rocco význam jména,pruzkumny,vyznam-jmena,neznamy,zadny-nastroj-hledanosti-k-dispozici,odpovida,3,/jmeno/rocco,
Rory význam jména,pruzkumny,vyznam-jmena,neznamy,zadny-nastroj-hledanosti-k-dispozici,odpovida,3,/jmeno/rory,
Ruby význam jména,pruzkumny,vyznam-jmena,neznamy,zadny-nastroj-hledanosti-k-dispozici,odpovida,3,/jmeno/ruby,
Saga význam jména,pruzkumny,vyznam-jmena,neznamy,zadny-nastroj-hledanosti-k-dispozici,odpovida,3,/jmeno/saga,
Sakura význam jména,pruzkumny,vyznam-jmena,neznamy,zadny-nastroj-hledanosti-k-dispozici,odpovida,3,/jmeno/sakura,
Samuel význam jména,pruzkumny,vyznam-jmena,neznamy,zadny-nastroj-hledanosti-k-dispozici,odpovida,3,/jmeno/samuel,
Sanne význam jména,pruzkumny,vyznam-jmena,neznamy,zadny-nastroj-hledanosti-k-dispozici,odpovida,3,/jmeno/sanne,
Scarlett význam jména,pruzkumny,vyznam-jmena,neznamy,zadny-nastroj-hledanosti-k-dispozici,odpovida,3,/jmeno/scarlett,
Sixten význam jména,pruzkumny,vyznam-jmena,neznamy,zadny-nastroj-hledanosti-k-dispozici,odpovida,3,/jmeno/sixten,
Snø význam jména,pruzkumny,vyznam-jmena,neznamy,zadny-nastroj-hledanosti-k-dispozici,odpovida,3,/jmeno/sn,
Sofia význam jména,pruzkumny,vyznam-jmena,neznamy,zadny-nastroj-hledanosti-k-dispozici,odpovida,3,/jmeno/sofia,
Sofie význam jména,pruzkumny,vyznam-jmena,neznamy,zadny-nastroj-hledanosti-k-dispozici,odpovida,3,/jmeno/sofie,
Sora význam jména,pruzkumny,vyznam-jmena,neznamy,zadny-nastroj-hledanosti-k-dispozici,odpovida,3,/jmeno/sora,
Stella význam jména,pruzkumny,vyznam-jmena,neznamy,zadny-nastroj-hledanosti-k-dispozici,odpovida,3,/jmeno/stella,
Šimon význam jména,pruzkumny,vyznam-jmena,neznamy,zadny-nastroj-hledanosti-k-dispozici,odpovida,3,/jmeno/simon,
Tama význam jména,pruzkumny,vyznam-jmena,neznamy,zadny-nastroj-hledanosti-k-dispozici,odpovida,3,/jmeno/tama,
Tara význam jména,pruzkumny,vyznam-jmena,neznamy,zadny-nastroj-hledanosti-k-dispozici,odpovida,3,/jmeno/tara,
Tereza význam jména,pruzkumny,vyznam-jmena,neznamy,zadny-nastroj-hledanosti-k-dispozici,odpovida,3,/jmeno/tereza,
Theo význam jména,pruzkumny,vyznam-jmena,neznamy,zadny-nastroj-hledanosti-k-dispozici,odpovida,3,/jmeno/theo,
Tindra význam jména,pruzkumny,vyznam-jmena,neznamy,zadny-nastroj-hledanosti-k-dispozici,odpovida,3,/jmeno/tindra,
Tobias význam jména,pruzkumny,vyznam-jmena,neznamy,zadny-nastroj-hledanosti-k-dispozici,odpovida,3,/jmeno/tobias,
Tomáš význam jména,pruzkumny,vyznam-jmena,neznamy,zadny-nastroj-hledanosti-k-dispozici,odpovida,3,/jmeno/tomas,
Vento význam jména,pruzkumny,vyznam-jmena,neznamy,zadny-nastroj-hledanosti-k-dispozici,odpovida,3,/jmeno/vento,
Viktória význam jména,pruzkumny,vyznam-jmena,neznamy,zadny-nastroj-hledanosti-k-dispozici,odpovida,3,/jmeno/viktoria,
Viktorie význam jména,pruzkumny,vyznam-jmena,neznamy,zadny-nastroj-hledanosti-k-dispozici,odpovida,3,/jmeno/viktorie,
Vojtěch význam jména,pruzkumny,vyznam-jmena,neznamy,zadny-nastroj-hledanosti-k-dispozici,odpovida,3,/jmeno/vojtech,
Wanda význam jména,pruzkumny,vyznam-jmena,neznamy,zadny-nastroj-hledanosti-k-dispozici,odpovida,3,/jmeno/wanda,
William význam jména,pruzkumny,vyznam-jmena,neznamy,zadny-nastroj-hledanosti-k-dispozici,odpovida,3,/jmeno/william,
Willow význam jména,pruzkumny,vyznam-jmena,neznamy,zadny-nastroj-hledanosti-k-dispozici,odpovida,3,/jmeno/willow,
Wojtek význam jména,pruzkumny,vyznam-jmena,neznamy,zadny-nastroj-hledanosti-k-dispozici,odpovida,3,/jmeno/wojtek,
Yuki význam jména,pruzkumny,vyznam-jmena,neznamy,zadny-nastroj-hledanosti-k-dispozici,odpovida,3,/jmeno/yuki,
Yuzu význam jména,pruzkumny,vyznam-jmena,neznamy,zadny-nastroj-hledanosti-k-dispozici,odpovida,3,/jmeno/yuzu,
Zeca význam jména,pruzkumny,vyznam-jmena,neznamy,zadny-nastroj-hledanosti-k-dispozici,odpovida,3,/jmeno/zeca,
Zofia význam jména,pruzkumny,vyznam-jmena,neznamy,zadny-nastroj-hledanosti-k-dispozici,odpovida,3,/jmeno/zofia,
Zora význam jména,pruzkumny,vyznam-jmena,neznamy,zadny-nastroj-hledanosti-k-dispozici,odpovida,3,/jmeno/zora,
Zuzana význam jména,pruzkumny,vyznam-jmena,neznamy,zadny-nastroj-hledanosti-k-dispozici,odpovida,3,/jmeno/zuzana,
Zuzanna význam jména,pruzkumny,vyznam-jmena,neznamy,zadny-nastroj-hledanosti-k-dispozici,odpovida,3,/jmeno/zuzanna,
jména ze země Argentina,pruzkumny,zeme-pouziti,neznamy,zadny-nastroj-hledanosti-k-dispozici,odpovida,2.1,/zeme/ar,"formulace odhadnutá — skutečné dotazy bývají „norská jména"", ne „jména ze země Norsko"""
jména ze země Austrálie,pruzkumny,zeme-pouziti,neznamy,zadny-nastroj-hledanosti-k-dispozici,odpovida,2.1,/zeme/au,"formulace odhadnutá — skutečné dotazy bývají „norská jména"", ne „jména ze země Norsko"""
jména ze země Brazílie,pruzkumny,zeme-pouziti,neznamy,zadny-nastroj-hledanosti-k-dispozici,odpovida,2.1,/zeme/br,"formulace odhadnutá — skutečné dotazy bývají „norská jména"", ne „jména ze země Norsko"""
jména ze země Česko,pruzkumny,zeme-pouziti,neznamy,zadny-nastroj-hledanosti-k-dispozici,odpovida,2.1,/zeme/cz,"formulace odhadnutá — skutečné dotazy bývají „norská jména"", ne „jména ze země Norsko"""
jména ze země Egypt,pruzkumny,zeme-pouziti,neznamy,zadny-nastroj-hledanosti-k-dispozici,odpovida,2.1,/zeme/eg,"formulace odhadnutá — skutečné dotazy bývají „norská jména"", ne „jména ze země Norsko"""
jména ze země Francie,pruzkumny,zeme-pouziti,neznamy,zadny-nastroj-hledanosti-k-dispozici,odpovida,2.1,/zeme/fr,"formulace odhadnutá — skutečné dotazy bývají „norská jména"", ne „jména ze země Norsko"""
jména ze země Indie,pruzkumny,zeme-pouziti,neznamy,zadny-nastroj-hledanosti-k-dispozici,odpovida,2.1,/zeme/in,"formulace odhadnutá — skutečné dotazy bývají „norská jména"", ne „jména ze země Norsko"""
jména ze země Irsko,pruzkumny,zeme-pouziti,neznamy,zadny-nastroj-hledanosti-k-dispozici,odpovida,2.1,/zeme/ie,"formulace odhadnutá — skutečné dotazy bývají „norská jména"", ne „jména ze země Norsko"""
jména ze země Itálie,pruzkumny,zeme-pouziti,neznamy,zadny-nastroj-hledanosti-k-dispozici,odpovida,2.1,/zeme/it,"formulace odhadnutá — skutečné dotazy bývají „norská jména"", ne „jména ze země Norsko"""
jména ze země Japonsko,pruzkumny,zeme-pouziti,neznamy,zadny-nastroj-hledanosti-k-dispozici,odpovida,2.1,/zeme/jp,"formulace odhadnutá — skutečné dotazy bývají „norská jména"", ne „jména ze země Norsko"""
jména ze země Jižní Korea,pruzkumny,zeme-pouziti,neznamy,zadny-nastroj-hledanosti-k-dispozici,odpovida,2.1,/zeme/kr,"formulace odhadnutá — skutečné dotazy bývají „norská jména"", ne „jména ze země Norsko"""
jména ze země Kanada,pruzkumny,zeme-pouziti,neznamy,zadny-nastroj-hledanosti-k-dispozici,odpovida,2.1,/zeme/ca,"formulace odhadnutá — skutečné dotazy bývají „norská jména"", ne „jména ze země Norsko"""
jména ze země Německo,pruzkumny,zeme-pouziti,neznamy,zadny-nastroj-hledanosti-k-dispozici,odpovida,2.1,/zeme/de,"formulace odhadnutá — skutečné dotazy bývají „norská jména"", ne „jména ze země Norsko"""
jména ze země Nizozemsko,pruzkumny,zeme-pouziti,neznamy,zadny-nastroj-hledanosti-k-dispozici,odpovida,2.1,/zeme/nl,"formulace odhadnutá — skutečné dotazy bývají „norská jména"", ne „jména ze země Norsko"""
jména ze země Norsko,pruzkumny,zeme-pouziti,neznamy,zadny-nastroj-hledanosti-k-dispozici,odpovida,2.1,/zeme/no,"formulace odhadnutá — skutečné dotazy bývají „norská jména"", ne „jména ze země Norsko"""
jména ze země Nový Zéland,pruzkumny,zeme-pouziti,neznamy,zadny-nastroj-hledanosti-k-dispozici,odpovida,2.1,/zeme/nz,"formulace odhadnutá — skutečné dotazy bývají „norská jména"", ne „jména ze země Norsko"""
jména ze země Polsko,pruzkumny,zeme-pouziti,neznamy,zadny-nastroj-hledanosti-k-dispozici,odpovida,2.1,/zeme/pl,"formulace odhadnutá — skutečné dotazy bývají „norská jména"", ne „jména ze země Norsko"""
jména ze země Portugalsko,pruzkumny,zeme-pouziti,neznamy,zadny-nastroj-hledanosti-k-dispozici,odpovida,2.1,/zeme/pt,"formulace odhadnutá — skutečné dotazy bývají „norská jména"", ne „jména ze země Norsko"""
jména ze země Řecko,pruzkumny,zeme-pouziti,neznamy,zadny-nastroj-hledanosti-k-dispozici,odpovida,2.1,/zeme/gr,"formulace odhadnutá — skutečné dotazy bývají „norská jména"", ne „jména ze země Norsko"""
jména ze země Slovensko,pruzkumny,zeme-pouziti,neznamy,zadny-nastroj-hledanosti-k-dispozici,odpovida,2.1,/zeme/sk,"formulace odhadnutá — skutečné dotazy bývají „norská jména"", ne „jména ze země Norsko"""
jména ze země Španělsko,pruzkumny,zeme-pouziti,neznamy,zadny-nastroj-hledanosti-k-dispozici,odpovida,2.1,/zeme/es,"formulace odhadnutá — skutečné dotazy bývají „norská jména"", ne „jména ze země Norsko"""
jména ze země Švédsko,pruzkumny,zeme-pouziti,neznamy,zadny-nastroj-hledanosti-k-dispozici,odpovida,2.1,/zeme/se,"formulace odhadnutá — skutečné dotazy bývají „norská jména"", ne „jména ze země Norsko"""
jména ze země Ukrajina,pruzkumny,zeme-pouziti,neznamy,zadny-nastroj-hledanosti-k-dispozici,odpovida,2.1,/zeme/ua,"formulace odhadnutá — skutečné dotazy bývají „norská jména"", ne „jména ze země Norsko"""
jména ze země USA,pruzkumny,zeme-pouziti,neznamy,zadny-nastroj-hledanosti-k-dispozici,odpovida,2.1,/zeme/us,"formulace odhadnutá — skutečné dotazy bývají „norská jména"", ne „jména ze země Norsko"""
jména ze země Velká Británie,pruzkumny,zeme-pouziti,neznamy,zadny-nastroj-hledanosti-k-dispozici,odpovida,2.1,/zeme/gb,"formulace odhadnutá — skutečné dotazy bývají „norská jména"", ne „jména ze země Norsko"""
jmeniny kdy má svátek,navigacni,jmeniny,neznamy,zadny-nastroj-hledanosti-k-dispozici,chybi,2,,kalendář svátků není samostatná sekce; data v extra.ts jsou
svět jmen,navigacni,katalog,neznamy,zadny-nastroj-hledanosti-k-dispozici,odpovida,1,/,značka
